Product Name,Price,Manufacturer
Moto G Play 2023 3-Day Battery Unlocked Made for US 3/32GB 16MP Camera Navy Blue,99..,Filters
"Samsung Galaxy A15 (SM-155M/DSN), 128GB 6GB RAM, Dual SIM, Factory Unlocked GSM, International Version (Wall Charger Bundle) (Light Blue)",142..,Climate Pledge Friendly
"AT&T BL102-3 DECT 6.0 3-Handset Cordless Phone for Home with Answering Machine, Call Blocking, Caller ID Announcer, Audio Assist, Intercom, and Unsurpassed Range, Silver/Black",68..,Cell Phones
"Rechargeable Hearing Aids for Seniors Hearing Loss with 4 Intelligent Noise Cancelling Upgraded 16-Channel OTC Hearing Aids Micro Invisible RIC Hearing Aid with Auto-On/Off, Anti-Drop (White)",199..,Landline Phones
"SAMSUNG Galaxy A35 5G A Series Cell Phone, 128GB Unlocked Android Smartphone, AMOLED Display, Advanced Triple Camera System, Expandable Storage, Rugged Design, US Version, 2024, Awesome Lilac",399..,Cell Phone Basic Cases
"SAMSUNG Galaxy A15 5G A Series Cell Phone, 128GB Unlocked Android Smartphone, AMOLED Display, Expandable Storage, Knox Security, Super Fast Charging, US Version, 2024, Blue Black",699..,SAMSUNG
"SAMSUNG Galaxy A05 (128GB, 4GB) 6.7"" Dual SIM Fully Unlocked Global 4G LTE A055M/DS (Black)",319..,Motorola
"Samsung Galaxy A15 (SM-155M/DSN), 128GB 6GB RAM, Dual SIM, Factory Unlocked GSM, International Version (Ring Grip Case Bundle) (Light Blue)",139..,Apple
Google Pixel 7a - Unlocked Android Cell Phone - Smartphone with Wide Angle Lens and 24-Hour Battery - 128 GB – Charcoal,399..,Google
"SAMSUNG Galaxy S24+ Plus Cell Phone, 256GB AI Smartphone, Unlocked Android, 50MP Camera, Fastest Processor, Long Battery Life, US Version 2024 Cobalt Violet",199..,AT&T
"Motorola Moto G Stylus 5G | 2023 | Unlocked | Made for US 6/256GB | 50 MPCamera | Cosmic Black, 162.83x73.77x9.29",109..,Panasonic
"Panasonic Cordless Phone with Answering Machine, Advanced Call Block, Bilingual Caller ID and Easy to Read High-Contrast Display, Expandable System with 2 Handsets - KX-TGD832M (Metallic Black)",139..,TracFone
"A14 Pro Max Unlocked Phone, 6+256GB Android 13.0 Smartphone, 6.82-inch HD Screen, Dual SIM, Dual Standby, 6000 mAh Battery, 64MP Camera 5g Phone, 2796 * 1290 Resolution Cell Phone.（Purple）",347..,OnePlus
Samsung Galaxy A15 A155M 128GB Dual-SIM GSM Unlocked Android Smartphone (Latin America Version) - Light Blue,799..,BLU
"TracFone | Motorola Moto g Pure | Locked | 32GB | 4000 mAh Battery | 13 MP Dual Camera System | 6.5"" Max Vision HD+ Display | Blue",229..,Nokia
"Motorola razr | 2023 | Unlocked | Made for US 8/128 | 32MP Camera | Cherry Blossom, 73.95 x 170.82 x 7.35mm",59..,Xiaomi
Motorola Moto G Power 5G | 2023 | Unlocked | Made for US 4/128GB | 50 MPCamera | Mineral Black,159..,UMIDIGI
"I14 Pro MAX Unlocked Cell Phone,Smartphone Long Battery Life 6.82"" HD Screen Unlocked Phones, 6+256GB Android 13.0 with 128G Memory Card, Dual SIM/Fingerprint Lock/Face ID/GPS (Black)",134..,Ulefone
"SAMSUNG Galaxy S24 Cell Phone, 256GB AI Smartphone, Unlocked Android, 50MP Camera, Fastest Processor, Long Battery Life, US Version, 2024, Onyx Black",49..,Blackview
"Hohem iSteady M6 Gimbal Stabilizer for Smartphone, 3-Axis Cell Phone Gimbal Built-in OLED Display 400g Payload Reverse Charging Android and iPhone Gimbal with Inception Motion Timelapse",399..,DOOGEE
"Bluetooth Headset with Noise Cancelling Microphone & Mic Mute, 30H+ Talking Time Wireless Headset V5.1 Bluetooth Headphone for Work/Ms Teams/Zoom/Cell Phone/Laptop/Call Center/Office/Home",139..,Yoidesu
"Gimbal Stabilizer for iPhone with AI Active Tracker, 3 Axis Foldable Gimbal Stabilizer for Smartphones wtih Magnetic Fill Light, Handheld Phone Gimbal Stabilizer for Video Recording, YouTube TikTok",158..,LISEN
